"","X","word","freq","start","all","real"
"1",1,"nebo",0.11284046692607,1,0,0
"2",2,"líbí",0.108949416342412,1,0,0
"3",3,"líbilo",0.0583657587548638,1,0,0
"4",4,"<>",0.0739299610894942,1,0,0
"5",5,"ta",0.0629370629370629,1,0,0
"6",6,"<>",0.0629370629370629,1,0,0
"7",7,"<>",0.1875,1,0,0
"8",8,"se",0.166666666666667,1,0,0
"9",9,"že",0.578947368421053,1,0,0
"10",10,"líbí",0.411764705882353,1,0,0
"11",11,"toho",0.266666666666667,1,0,0
"12",12,"a",0.0666666666666667,1,0,0
"13",13,"<>",0.105555555555556,1,0,0
"14",14,"<>",0.101010101010101,1,0,0
"15",15,"<>",0.154761904761905,1,0,0
"16",16,"<>",0.131147540983607,1,0,0
"17",17,"těšit",0.642857142857143,1,0,0
"18",18,"a",0.05,1,0,0
"19",19,"<>",0.15,1,0,0
"20",20,"<>",0.226415094339623,1,0,0
"21",21,"letech",0.5,1,0,0
"22",22,"době",0.923076923076923,1,0,0
"23",23,"<>",0.192307692307692,1,0,0
"24",24,"<>",0.26,1,0,0
"25",25,"<>",0.204301075268817,1,0,0
"26",26,"a",0.126984126984127,1,0,0
"27",27,"<>",0.222222222222222,1,0,0
"28",28,"<>",0.227272727272727,1,0,0
"29",29,"<>",0.175257731958763,1,0,0
"30",30,"že",0.4,1,0,0
"31",31,"na",0.75,1,0,0
"32",32,"<>",0.285714285714286,1,0,0
"33",33,"<>",0.266666666666667,1,0,0
"34",34,"<>",0.295454545454545,1,0,0
"35",35,"<>",0.126760563380282,1,0,0
"36",36,"<>",0.337837837837838,1,0,0
"37",37,"<>",0.221884498480243,1,1,0
"38",38,"<>",0.150406504065041,2,0,0
"39",39,"<>",0.189189189189189,2,0,0
"40",40,"<>",0.178571428571429,2,0,0
"41",41,"tím",0.0918367346938776,2,0,0
"42",42,"<>",0.316326530612245,2,1,0
"43",43,"<>",0.279411764705882,3,0,0
"44",44,"<>",0.133333333333333,3,0,0
"45",45,"<>",0.241379310344828,3,0,0
"46",46,"<>",0.314814814814815,3,0,0
"47",47,"to",0.48,3,0,0
"48",48,"<>",0.183673469387755,3,0,0
"49",49,"<>",0.647058823529412,3,0,0
"50",50,"a",0.0849772382397572,3,1,0
"51",51,"na",0.0409711684370258,4,0,0
"52",52,"v",0.0273141122913505,4,0,0
"53",53,"se",0.0212443095599393,4,0,0
"54",54,"do",0.0182094081942337,4,0,0
"55",55,"<>",0.144157814871017,4,2,1
"56",56,"je",0.0925925925925926,6,0,0
"57",57,"se",0.0740740740740741,6,0,0
"58",58,"v",0.0416666666666667,6,0,0
"59",59,"jsem",0.0416666666666667,6,0,0
"60",60,"<>",0.0694444444444444,6,0,0
"61",61,"se",0.111111111111111,6,0,0
"62",62,"se",0.215384615384615,6,0,0
"63",63,"si",0.138461538461538,6,0,0
"64",64,"a",0.0956521739130435,6,0,0
"65",65,"že",0.526315789473684,6,0,0
"66",66,"je",0.0995024875621891,6,0,0
"67",67,"se",0.0497512437810945,6,0,0
"68",68,"to",0.0398009950248756,6,0,0
"69",69,"<>",0.0597014925373134,6,0,0
"70",70,"<>",0.102803738317757,6,0,0
"71",71,"<>",0.116883116883117,6,0,0
"72",72,"v",0.290322580645161,6,0,0
"73",73,"<>",0.275,6,0,0
"74",74,"<>",0.220472440944882,6,0,0
"75",75,"republiky",1,6,0,0
"76",76,"pak",0.03420523138833,6,0,0
"77",77,"na",0.0301810865191147,6,0,0
"78",78,"v",0.028169014084507,6,0,0
"79",79,"je",0.0221327967806841,6,0,0
"80",80,"<>",0.187122736418511,6,3,2
"81",81,"<>",0.26271186440678,9,0,0
"82",82,"to",0.137614678899083,9,0,0
"83",83,"<>",0.0825688073394495,9,0,0
"84",84,"<>",0.252336448598131,9,0,0
"85",85,"<>",0.0869565217391304,9,0,0
"86",86,"si",0.1375,9,0,0
"87",87,"<>",0.1,9,0,0
"88",88,"je",0.23943661971831,9,0,0
"89",89,"<>",0.406779661016949,9,0,0
"90",90,"to",0.145454545454545,9,0,0
"91",91,"<>",0.294117647058824,9,0,0
"92",92,"<>",0.210526315789474,9,0,0
"93",93,"<>",0.245283018867925,9,0,0
"94",94,"a",0.0647321428571429,9,1,0
"95",95,"se",0.0279017857142857,10,0,0
"96",96,"v",0.0212053571428571,10,0,0
"97",97,"je",0.0178571428571429,10,0,0
"98",98,"na",0.0178571428571429,10,0,0
"99",99,"s",0.0133928571428571,10,0,0
"100",100,"jsem",0.0122767857142857,10,0,0
"101",101,"do",0.0111607142857143,10,0,0
"102",102,"z",0.0100446428571429,10,0,0
"103",103,"to",0.00892857142857143,10,0,0
"104",104,"nebo",0.00892857142857143,10,0,0
"105",105,"<>",0.142857142857143,10,2,1
"106",106,"<>",0.129411764705882,12,0,0
"107",107,"když",0.186440677966102,12,0,0
"108",108,"pohodě",0.166666666666667,12,0,0
"109",109,"<>",0.297872340425532,12,0,0
"110",110,"mě",0.294117647058824,12,0,0
"111",111,"jako",0.387096774193548,12,0,0
"112",112,"<>",0.5,12,0,0
"113",113,"<>",0.307692307692308,12,0,0
"114",114,"<>",0.1,12,0,0
"115",115,"to",0.280701754385965,12,0,0
"116",116,"že",0.647058823529412,12,0,0
"117",117,"za",0.5,12,0,0
"118",118,"<>",0.125,12,0,0
"119",119,"líbí",0.202127659574468,12,0,0
"120",120,"zajímalo",0.48780487804878,12,0,0
"121",121,"mi",0.35,12,0,0
"122",122,"že",1,12,0,0
"123",123,"<>",0.16,12,0,0
"124",124,"<>",0.625,12,0,0
"125",125,"<>",0.588235294117647,12,0,0
"126",126,"<>",0.183673469387755,12,0,0
"127",127,"to",0.964285714285714,12,1,1
"128",128,"to",0.642857142857143,13,0,0
"129",129,"pak",0.0506329113924051,13,0,0
"130",130,"<>",0.170886075949367,13,0,0
"131",131,"<>",0.158536585365854,13,0,0
"132",132,"<>",0.228571428571429,13,0,0
"133",133,"a",0.0788177339901478,13,0,0
"134",134,"<>",0.0886699507389163,13,0,0
"135",135,"se",0.0746268656716418,13,0,0
"136",136,"<>",0.166666666666667,13,0,0
"137",137,"by",0.191780821917808,13,0,0
"138",138,"se",0.164383561643836,13,0,0
"139",139,"se",0.240963855421687,13,0,0
"140",140,"<>",0.108433734939759,13,0,0
"141",141,"<>",0.458333333333333,13,0,0
"142",142,"<>",0.196078431372549,13,0,0
"143",143,"<>",0.27906976744186,13,0,0
"144",144,"se",0.0869565217391304,13,0,0
"145",145,"<>",0.145454545454545,13,0,0
"146",146,"zákonem",0.666666666666667,13,0,0
"147",147,"<>",0.25,13,0,0
"148",148,"<>",0.391304347826087,13,0,0
"149",149,"je",0.144578313253012,13,0,0
"150",150,"<>",0.183098591549296,13,0,0
"151",151,"labem",0.833333333333333,13,0,0
"152",152,"<>",0.5,13,1,0
"153",153,"<>",0.18,14,0,0
"154",154,"na",0.0296296296296296,14,0,0
"155",155,"<>",0.233333333333333,14,0,0
"156",156,"<>",0.327586206896552,14,0,0
"157",157,"<>",0.0947368421052632,14,0,0
"158",158,"<>",0.0851063829787234,14,0,0
"159",159,"<>",0.284090909090909,14,0,0
"160",160,"<>",0.131147540983607,14,0,0
"161",161,"<>",0.439024390243902,14,0,0
"162",162,"je",0.210526315789474,14,0,0
"163",163,"<>",0.285714285714286,14,0,0
"164",164,"<>",0.366666666666667,14,0,0
"165",165,"a",0.051792828685259,14,1,0
"166",166,"v",0.0225763612217795,15,0,0
"167",167,"se",0.0212483399734396,15,0,0
"168",168,"je",0.0199203187250996,15,0,0
"169",169,"na",0.0199203187250996,15,0,0
"170",170,"s",0.0119521912350598,15,0,0
"171",171,"ale",0.0119521912350598,15,0,0
"172",172,"jako",0.0106241699867198,15,0,0
"173",173,"i",0.0106241699867198,15,0,0
"174",174,"<>",0.136786188579017,15,2,1
"175",175,"že",0.0727272727272727,17,0,0
"176",176,"<>",0.117647058823529,17,0,0
"177",177,"pohodě",0.106666666666667,17,0,0
"178",178,"mě",0.365079365079365,17,0,0
"179",179,"nás",0.174603174603175,17,0,0
"180",180,"<>",0.166666666666667,17,0,0
"181",181,"<>",0.170212765957447,17,0,0
"182",182,"z",0.764705882352941,17,0,0
"183",183,"z",0.588235294117647,17,0,0
"184",184,"než",0.384615384615385,17,0,0
"185",185,"<>",0.411764705882353,17,0,0
"186",186,"že",0.875,17,0,0
"187",187,"a",0.0535279805352798,17,0,0
"188",188,"na",0.0291970802919708,17,0,0
"189",189,"d",0.024330900243309,17,0,0
"190",190,"ale",0.0194647201946472,17,0,0
"191",191,"<>",0.0851581508515815,17,0,0
"192",192,"že",0.573529411764706,17,0,0
"193",193,"<>",0.119047619047619,17,0,0
"194",194,"<>",0.125,17,0,0
"195",195,"jedno",0.205128205128205,17,0,0
"196",196,"toho",0.818181818181818,17,0,0
"197",197,"<>",0.177664974619289,17,0,0
"198",198,"<>",0.157303370786517,17,0,0
"199",199,"<>",0.25,17,0,0
"200",200,"<>",0.290322580645161,17,0,0
"201",201,"<>",0.36,17,0,0
"202",202,"a",0.063768115942029,17,1,0
"203",203,"na",0.0231884057971014,18,0,0
"204",204,"<>",0.179710144927536,18,2,1
"205",205,"to",0.164948453608247,20,0,0
"206",206,"něj",0.125,20,0,0
"207",207,"<>",0.125,20,0,0
"208",208,"tím",0.235294117647059,20,0,0
"209",209,"o",1,20,0,0
"210",210,"o",0.857142857142857,20,0,0
"211",211,"o",1,20,0,0
"212",212,"a",0.0641711229946524,20,0,0
"213",213,"v",0.0481283422459893,20,0,0
"214",214,"<>",0.0855614973262032,20,0,0
"215",215,"jen",0.0335195530726257,20,0,0
"216",216,"<>",0.100558659217877,20,0,0
"217",217,"<>",0.10989010989011,20,0,0
"218",218,"jen",0.0714285714285714,20,0,0
"219",219,"<>",0.0873015873015873,20,0,0
"220",220,"mi",0.053475935828877,20,0,0
"221",221,"to",0.0427807486631016,20,0,0
"222",222,"<>",0.0802139037433155,20,0,0
"223",223,"bylo",0.151162790697674,20,0,0
"224",224,"mělo",0.127906976744186,20,0,0
"225",225,"<>",0.173913043478261,20,0,0
"226",226,"<>",0.184615384615385,20,0,0
"227",227,"<>",0.246153846153846,20,0,0
"228",228,"<>",0.266666666666667,20,0,0
"229",229,"a",0.062015503875969,20,0,0
"230",230,"<>",0.116279069767442,20,0,0
"231",231,"to",0.100917431192661,20,0,0
"232",232,"<>",0.152173913043478,20,0,0
"233",233,"<>",0.207792207792208,20,0,0
"234",234,"že",0.622222222222222,20,0,0
"235",235,"že",0.909090909090909,20,0,0
"236",236,"že",0.578947368421053,20,0,0
"237",237,"že",0.875,20,0,0
"238",238,"na",0.75,20,0,0
"239",239,"že",0.571428571428571,20,0,0
"240",240,"že",0.692307692307692,20,0,0
"241",241,"že",0.684210526315789,20,0,0
"242",242,"že",0.578947368421053,20,0,0
"243",243,"a",0.0447761194029851,20,0,0
"244",244,"na",0.0447761194029851,20,0,0
"245",245,"<>",0.0845771144278607,20,0,0
"246",246,"to",0.147368421052632,20,0,0
"247",247,"<>",0.105263157894737,20,0,0
"248",248,"tím",0.173913043478261,20,0,0
"249",249,"<>",0.230769230769231,20,0,0
"250",250,"že",0.333333333333333,20,0,0
"251",251,"že",0.451612903225806,20,0,0
"252",252,"do",0.366666666666667,20,0,0
"253",253,"tom",0.3,20,0,0
"254",254,"že",0.586206896551724,20,0,0
"255",255,"že",0.533333333333333,20,0,0
"256",256,"že",0.705882352941177,20,0,0
"257",257,"z",0.65,20,0,0
"258",258,"na",0.0588235294117647,20,0,0
"259",259,"do",0.0542986425339367,20,0,0
"260",260,"s",0.0497737556561086,20,0,0
"261",261,"že",0.0497737556561086,20,0,0
"262",262,"a",0.0497737556561086,20,0,0
"263",263,"<>",0.0633484162895928,20,0,0
"264",264,"a",0.10958904109589,20,0,0
"265",265,"<>",0.24,20,0,0
"266",266,"bude",0.428571428571429,20,0,0
"267",267,"že",1,20,0,0
"268",268,"že",0.75,20,0,0
"269",269,"se",0.146341463414634,20,0,0
"270",270,"jsem",0.130081300813008,20,0,0
"271",271,"to",0.0813008130081301,20,0,0
"272",272,"se",0.136986301369863,20,0,0
"273",273,"jsem",0.123287671232877,20,0,0
"274",274,"<>",0.117647058823529,20,0,0
"275",275,"<>",0.150537634408602,20,0,0
"276",276,"<>",0.228070175438596,20,0,0
"277",277,"a",0.1015625,20,0,0
"278",278,"<>",0.125,20,0,0
"279",279,"jsem",0.105769230769231,20,0,0
"280",280,"to",0.105769230769231,20,0,0
"281",281,"je",0.209302325581395,20,0,0
"282",282,"že",1,20,0,0
"283",283,"tak",0.0714285714285714,20,0,0
"284",284,"<>",0.0773809523809524,20,0,0
"285",285,"že",0.958333333333333,20,0,0
"286",286,"že",0.444444444444444,20,0,0
"287",287,"stranu",0.9,20,0,0
"288",288,"že",1,20,0,0
"289",289,"že",1,20,0,0
"290",290,"to",0.75,20,0,0
"291",291,"za",0.8,20,0,0
"292",292,"že",0.470588235294118,20,0,0
"293",293,"tomu",0.533333333333333,20,1,1
"294",294,"že",1,21,0,0
"295",295,"mi",0.10126582278481,21,0,0
"296",296,"<>",0.0909090909090909,21,0,0
"297",297,"se",0.0909090909090909,21,0,0
"298",298,"je",0.0501567398119122,21,0,0
"299",299,"by",0.0438871473354232,21,0,0
"300",300,"v",0.0250783699059561,21,0,0
"301",301,"<>",0.0407523510971787,21,0,0
"302",302,"a",0.0638297872340425,21,0,0
"303",303,"<>",0.141843971631206,21,0,0
"304",304,"s",0.024024024024024,21,0,0
"305",305,"<>",0.348348348348348,21,2,1
"306",306,"<>",0.154838709677419,23,0,0
"307",307,"ruce",0.075,23,0,0
"308",308,"<>",0.208333333333333,23,0,0
"309",309,"<>",0.105263157894737,23,0,0
"310",310,"to",0.209677419354839,23,0,0
"311",311,"<>",0.375,23,0,0
"312",312,"<>",0.444444444444444,23,0,0
"313",313,"a",0.0974729241877256,23,1,0
"314",314,"na",0.026173285198556,24,0,0
"315",315,"se",0.0207581227436823,24,0,0
"316",316,"z",0.0189530685920578,24,0,0
"317",317,"v",0.0180505415162455,24,0,0
"318",318,"je",0.0126353790613718,24,0,0
"319",319,"s",0.0117328519855596,24,0,0
"320",320,"do",0.0117328519855596,24,0,0
"321",321,"o",0.00992779783393502,24,0,0
"322",322,"ale",0.00902527075812274,24,0,0
"323",323,"nebo",0.00812274368231047,24,0,0
"324",324,"to",0.00902527075812274,24,0,0
"325",325,"<>",0.166064981949458,24,2,1
"326",326,"a",0.1,26,0,0
"327",327,"<>",0.1,26,0,0
"328",328,"to",0.307692307692308,26,0,0
"329",329,"<>",0.204545454545455,26,0,0
"330",330,"to",0.110169491525424,26,0,0
"331",331,"je",0.110169491525424,26,0,0
"332",332,"by",0.523809523809524,26,0,0
"333",333,"<>",0.231884057971014,26,0,0
"334",334,"<>",0.161764705882353,26,0,0
"335",335,"<>",0.461538461538462,26,0,0
"336",336,"a",0.0846560846560847,26,0,0
"337",337,"<>",0.158730158730159,26,0,0
"338",338,"<>",0.0632183908045977,26,0,0
"339",339,"si",0.117647058823529,26,0,0
"340",340,"se",0.0941176470588235,26,0,0
"341",341,"mi",0.230769230769231,26,0,0
"342",342,"vyplatí",0.141025641025641,26,0,0
"343",343,"přesto",0.230769230769231,26,1,1
"344",344,"že",0.692307692307692,27,0,0
"345",345,"<>",0.205128205128205,27,0,0
"346",346,"uvidí",0.079646017699115,27,0,0
"347",347,"<>",0.115044247787611,27,0,0
"348",348,"jen",0.2,27,0,0
"349",349,"<>",0.324324324324324,27,0,0
"350",350,"<>",0.155172413793103,27,0,0
"351",351,"řadě",1,27,0,0
"352",352,"chvíli",0.666666666666667,27,0,0
"353",353,"se",0.118279569892473,27,0,0
"354",354,"<>",0.10752688172043,27,0,0
"355",355,"se",0.188679245283019,27,0,0
"356",356,"si",0.132075471698113,27,0,0
"357",357,"<>",0.122448979591837,27,0,0
"358",358,"se",0.222222222222222,27,0,0
"359",359,"<>",0.132075471698113,27,0,0
"360",360,"že",1,27,0,0
"361",361,"to",0.571428571428571,27,0,0
"362",362,"straně",0.727272727272727,27,0,0
"363",363,"se",0.08,27,0,0
"364",364,"<>",0.09,27,0,0
"365",365,"tady",0.0804597701149425,27,0,0
"366",366,"tu",0.0383141762452107,27,0,0
"367",367,"tak",0.0306513409961686,27,0,0
"368",368,"super",0.0306513409961686,27,0,0
"369",369,"<>",0.0727969348659004,27,0,0
"370",370,"týče",0.204545454545455,27,0,0
"371",371,"to",0.636363636363636,27,0,0
"372",372,"i",0.473684210526316,27,0,0
"373",373,"<>",0.280373831775701,27,0,0
"374",374,"nebylo",1,27,1,1
"375",375,"se",0.2,28,0,0
"376",376,"na",0.296296296296296,28,0,0
"377",377,"tomu",0.909090909090909,28,0,0
"378",378,"že",0.75,28,0,0
"379",379,"že",0.928571428571429,28,0,0
"380",380,"<>",0.166666666666667,28,0,0
"381",381,"<>",0.210526315789474,28,0,0
"382",382,"se",0.333333333333333,28,0,0
"383",383,"mi",0.8,28,0,0
"384",384,"mi",0.476190476190476,28,0,0
"385",385,"<>",0.333333333333333,28,0,0
"386",386,"že",0.870967741935484,28,1,1
"387",387,"že",0.888888888888889,29,0,0
"388",388,"že",1,29,0,0
"389",389,"toho",0.727272727272727,29,0,0
"390",390,"že",1,29,0,0
"391",391,"ne",1,29,0,0
"392",392,"<>",0.333333333333333,29,0,0
"393",393,"mi",0.733333333333333,29,0,0
"394",394,"doby",0.875,29,0,0
"395",395,"na",0.740740740740741,29,0,0
"396",396,"ne",0.363636363636364,29,0,0
"397",397,"že",0.533333333333333,29,0,0
"398",398,"tomu",0.5,29,0,0
"399",399,"že",0.818181818181818,29,0,0
"400",400,"na",0.0681818181818182,29,0,0
"401",401,"do",0.041958041958042,29,1,0
"402",402,"to",0.027972027972028,30,0,0
"403",403,"v",0.027972027972028,30,0,0
"404",404,"k",0.0227272727272727,30,0,0
"405",405,"s",0.0227272727272727,30,0,0
"406",406,"po",0.020979020979021,30,0,0
"407",407,"mi",0.0157342657342657,30,0,0
"408",408,"za",0.013986013986014,30,0,0
"409",409,"o",0.013986013986014,30,0,0
"410",410,"<>",0.0926573426573427,30,0,0
"411",411,"to",0.0320284697508897,30,0,0
"412",412,"<>",0.213523131672598,30,0,0
"413",413,"to",0.0515873015873016,30,0,0
"414",414,"<>",0.261904761904762,30,1,0
"415",415,"to",0.0541871921182266,31,0,0
"416",416,"<>",0.0935960591133005,31,0,0
"417",417,"to",0.0526315789473684,31,0,0
"418",418,"<>",0.0578947368421053,31,0,0
"419",419,"<>",0.142857142857143,31,0,0
"420",420,"je",0.0687022900763359,31,0,0
"421",421,"<>",0.0763358778625954,31,0,0
"422",422,"<>",0.184782608695652,31,0,0
"423",423,"<>",0.321428571428571,31,0,0
"424",424,"<>",0.139240506329114,31,0,0
"425",425,"<>",0.147540983606557,31,0,0
"426",426,"<>",0.204545454545455,31,0,0
"427",427,"se",0.164383561643836,31,0,0
"428",428,"<>",0.264705882352941,31,0,0
"429",429,"<>",0.32,31,0,0
"430",430,"<>",0.25531914893617,31,0,0
"431",431,"a",0.0429540316503391,31,1,0
"432",432,"se",0.0278824415975885,32,1,0
"433",433,"v",0.0241145440844009,33,1,0
"434",434,"je",0.0188394875659382,34,0,0
"435",435,"na",0.0165787490580256,34,0,0
"436",436,"z",0.012810851544838,34,0,0
"437",437,"do",0.0120572720422005,34,0,0
"438",438,"s",0.0105501130369254,34,0,0
"439",439,"které",0.00828937452901281,34,0,0
"440",440,"si",0.00753579502637528,34,0,0
"441",441,"ale",0.00753579502637528,34,0,0
"442",442,"o",0.00678221552373775,34,0,0
"443",443,"po",0.00602863602110023,34,0,0
"444",444,"to",0.00602863602110023,34,0,0
"445",445,"ve",0.00602863602110023,34,0,0
"446",446,"že",0.00678221552373775,34,0,0
"447",447,"<>",0.136397889977393,34,2,1
"448",448,"<>",0.154545454545455,36,0,0
"449",449,"málo",0.875,36,0,0
"450",450,"<>",0.216216216216216,36,0,0
"451",451,"<>",0.666666666666667,36,0,0
"452",452,"<>",0.212765957446809,36,0,0
"453",453,"to",0.27027027027027,36,0,0
"454",454,"že",0.592592592592593,36,0,0
"455",455,"<>",0.238095238095238,36,0,0
"456",456,"kdy",1,36,0,0
"457",457,"to",0.378787878787879,36,1,1
"458",458,"to",0.769230769230769,37,0,0
"459",459,"<>",0.0941176470588235,37,0,0
"460",460,"<>",0.115942028985507,37,0,0
"461",461,"tím",0.5625,37,0,0
"462",462,"<>",0.123456790123457,37,0,0
"463",463,"<>",0.126582278481013,37,0,0
"464",464,"být",0.45,37,0,0
"465",465,"být",0.363636363636364,37,0,0
"466",466,"<>",0.25,37,0,0
"467",467,"jak",0.208955223880597,37,0,0
"468",468,"co",0.134328358208955,37,0,0
"469",469,"<>",0.25,37,0,0
"470",470,"<>",0.375,37,0,0
"471",471,"to",0.4,37,0,0
"472",472,"<>",0.391304347826087,37,0,0
"473",473,"<>",0.25,37,0,0
"474",474,"<>",0.32,37,0,0
"475",475,"<>",0.209302325581395,37,0,0
"476",476,"<>",0.146341463414634,37,0,0
"477",477,"děje",0.285714285714286,37,0,0
"478",478,"dělat",0.3125,37,0,0
"479",479,"když",0.346153846153846,37,0,0
"480",480,"dít",0.705882352941177,37,0,0
"481",481,"za",0.291044776119403,37,0,0
"482",482,"<>",0.194029850746269,37,0,0
"483",483,"tom",0.372549019607843,37,0,0
"484",484,"za",0.32824427480916,37,1,0
"485",485,"za",0.464285714285714,38,0,0
"486",486,"tom",0.387096774193548,38,0,0
"487",487,"říct",0.218181818181818,38,0,0
"488",488,"že",0.545454545454545,38,0,0
"489",489,"<>",0.18,38,0,0
"490",490,"to",0.923076923076923,38,0,0
"491",491,"přát",0.785714285714286,38,0,0
"492",492,"bude",0.28125,38,0,0
"493",493,"d",0.188679245283019,38,0,0
"494",494,"<>",0.169811320754717,38,0,0
"495",495,"než",0.2,38,0,0
"496",496,"<>",0.167832167832168,38,0,0
"497",497,"<>",0.245283018867925,38,0,0
"498",498,"<>",0.444444444444444,38,0,0
"499",499,"a",0.0739299610894942,38,0,0
"500",500,"na",0.0428015564202335,38,0,0
"501",501,"<>",0.124513618677043,38,0,0
"502",502,"zajímalo",0.8,38,0,0
"503",503,"bude",0.164556962025316,38,0,0
"504",504,"<>",0.236842105263158,38,0,0
"505",505,"změnil",1,38,1,1
"506",506,"podniku",1,39,1,1
"507",507,"<>",0.258064516129032,40,0,0
"508",508,"to",0.3125,40,0,0
"509",509,"mi",0.15,40,0,0
"510",510,"že",0.307692307692308,40,0,0
"511",511,"<>",0.151515151515152,40,0,0
"512",512,"že",0.571428571428571,40,0,0
"513",513,"<>",0.196428571428571,40,0,0
"514",514,"<>",0.16030534351145,40,0,0
"515",515,"to",0.421052631578947,40,0,0
"516",516,"že",0.666666666666667,40,0,0
"517",517,"<>",0.308641975308642,40,0,0
"518",518,"a",0.085427135678392,40,0,0
"519",519,"<>",0.170854271356784,40,1,0
"520",520,"jmenuje",0.135802469135802,41,0,0
"521",521,"<>",0.135802469135802,41,0,0
"522",522,"<>",0.107142857142857,41,0,0
"523",523,"s",0.384615384615385,41,0,0
"524",524,"s",0.282051282051282,41,1,0
"525",525,"že",0.9,42,0,0
"526",526,"tom",0.714285714285714,42,0,0
"527",527,"že",1,42,0,0
"528",528,"tom",0.888888888888889,42,0,0
"529",529,"tom",1,42,0,0
"530",530,"<>",0.145161290322581,42,0,0
"531",531,"<>",0.357142857142857,42,0,0
"532",532,"<>",0.319444444444444,42,0,0
"533",533,"<>",0.533333333333333,42,0,0
"534",534,"a",0.0542168674698795,42,0,0
"535",535,"<>",0.156626506024096,42,0,0
"536",536,"mezi",0.8125,42,0,0
"537",537,"že",0.369565217391304,42,0,0
"538",538,"aby",0.173913043478261,42,0,0
"539",539,"<>",0.285714285714286,42,0,0
"540",540,"to",0.296296296296296,42,0,0
"541",541,"proč",0.666666666666667,42,0,0
"542",542,"<>",0.288461538461538,42,0,0
"543",543,"<>",0.241379310344828,42,0,0
"544",544,"<>",0.363636363636364,42,0,0
"545",545,"že",0.428571428571429,42,0,0
"546",546,"<>",0.263157894736842,42,0,0
"547",547,"a",0.121951219512195,42,0,0
"548",548,"<>",0.146341463414634,42,0,0
"549",549,"než",0.473684210526316,42,0,0
"550",550,"<>",0.172413793103448,42,0,0
"551",551,"<>",0.290322580645161,42,0,0
"552",552,"na",0.118421052631579,42,0,0
"553",553,"<>",0.178571428571429,42,0,0
"554",554,"<>",0.283333333333333,42,0,0
"555",555,"a",0.141509433962264,42,0,0
"556",556,"<>",0.226415094339623,42,0,0
"557",557,"že",0.9,42,0,0
"558",558,"že",0.904761904761905,42,0,0
"559",559,"že",0.818181818181818,42,0,0
"560",560,"že",1,42,0,0
"561",561,"je",0.238095238095238,42,0,0
"562",562,"se",0.120879120879121,42,0,0
"563",563,"jsem",0.0879120879120879,42,0,0
"564",564,"to",0.043956043956044,42,0,0
"565",565,"<>",0.043956043956044,42,0,0
"566",566,"se",0.216666666666667,42,0,0
"567",567,"<>",0.133333333333333,42,0,0
"568",568,"<>",0.175675675675676,42,0,0
"569",569,"<>",0.173913043478261,42,0,0
"570",570,"a",0.0958904109589041,42,1,0
"571",571,"se",0.0273972602739726,43,0,0
"572",572,"<>",0.126712328767123,43,0,0
"573",573,"byl",0.6875,43,0,0
"574",574,"to",0.4,43,1,1
"575",575,"<>",0.219512195121951,44,0,0
"576",576,"<>",0.126126126126126,44,0,0
"577",577,"<>",0.109756097560976,44,0,0
"578",578,"u",0.714285714285714,44,0,0
"579",579,"<>",0.222222222222222,44,0,0
"580",580,"<>",0.266666666666667,44,0,0
"581",581,"to",0.121621621621622,44,0,0
"582",582,"že",0.108108108108108,44,0,0
"583",583,"lion",0.25,44,0,0
"584",584,"<>",0.585987261146497,44,1,0
"585",585,"a",0.313432835820896,45,1,0
"586",586,"a",0.0869565217391304,46,0,0
"587",587,"<>",0.0869565217391304,46,0,0
"588",588,"že",0.9,46,0,0
"589",589,"<>",0.135135135135135,46,0,0
"590",590,"rozvoj",1,46,0,0
"591",591,"kalousek",1,46,0,0
"592",592,"john",1,46,0,0
"593",593,"líbí",0.333333333333333,46,0,0
"594",594,"to",0.285714285714286,46,0,0
"595",595,"je",0.0941176470588235,46,0,0
"596",596,"to",0.8,46,0,0
"597",597,"že",0.695652173913043,46,0,0
"598",598,"je",0.225806451612903,46,0,0
"599",599,"to",0.489795918367347,46,0,0
"600",600,"že",1,46,0,0
"601",601,"sebe",1,46,0,0
"602",602,"se",0.0979020979020979,46,0,0
"603",603,"to",0.0629370629370629,46,0,0
"604",604,"je",0.0629370629370629,46,0,0
"605",605,"<>",0.0629370629370629,46,0,0
"606",606,"být",0.5,46,0,0
"607",607,"<>",0.16,46,0,0
"608",608,"že",0.727272727272727,46,0,0
"609",609,"se",0.244444444444444,46,0,0
"610",610,"to",0.8,46,0,0
"611",611,"www.lomp.cz",1,46,1,1
"612",612,"<>",0.0859375,47,0,0
"613",613,"dělat",1,47,0,0
"614",614,"že",1,47,0,0
"615",615,"i",0.65,47,0,0
"616",616,"by",0.533333333333333,47,0,0
"617",617,"ale",0.789473684210526,47,0,0
"618",618,"než",0.833333333333333,47,0,0
"619",619,"než",0.48,47,0,0
"620",620,"když",0.244444444444444,47,0,0
"621",621,"divit",1,47,0,0
"622",622,"to",0.571428571428571,47,0,0
"623",623,"to",1,47,0,0
"624",624,"world",1,47,0,0
"625",625,"<>",0.177777777777778,47,0,0
"626",626,"je",0.169491525423729,47,0,0
"627",627,"pořádku",1,47,0,0
"628",628,"by",0.097165991902834,47,0,0
"629",629,"je",0.097165991902834,47,0,0
"630",630,"se",0.0931174089068826,47,0,0
"631",631,"v",0.0323886639676113,47,0,0
"632",632,"<>",0.0647773279352227,47,0,0
"633",633,"se",0.223529411764706,47,0,0
"634",634,"jsem",0.105882352941176,47,0,0
"635",635,"<>",0.0941176470588235,47,0,0
"636",636,"je",0.169811320754717,47,0,0
"637",637,"se",0.169811320754717,47,0,0
"638",638,"se",0.176470588235294,47,0,0
"639",639,"později",0.615384615384615,47,0,0
"640",640,"<>",0.333333333333333,47,0,0
"641",641,"a",0.0797101449275362,47,0,0
"642",642,"<>",0.134057971014493,47,0,0
"643",643,"co",0.236220472440945,47,0,0
"644",644,"se",0.110236220472441,47,0,0
"645",645,"večera",0.818181818181818,47,0,0
"646",646,"<>",0.257575757575758,47,0,0
"647",647,"a",0.121794871794872,47,0,0
"648",648,"<>",0.0833333333333333,47,0,0
"649",649,"zda",0.32,47,0,0
"650",650,"že",1,47,0,0
"651",651,"<>",0.272727272727273,47,0,0
"652",652,"<>",0.344827586206897,47,0,0
"653",653,"jsem",0.157894736842105,47,0,0
"654",654,"zase",0.0964912280701754,47,0,0
"655",655,"<>",0.0964912280701754,47,0,0
"656",656,"jsem",0.272727272727273,47,0,0
"657",657,"<>",0.276923076923077,47,0,0
"658",658,"a",0.055,47,0,0
"659",659,"<>",0.16,47,0,0
"660",660,"to",0.428571428571429,47,0,0
"661",661,"<>",0.216216216216216,47,0,0
"662",662,"to",0.5,47,0,0
"663",663,"<>",1,47,0,0
"664",664,"<>",1,47,0,0
"665",665,"<>",0.15625,47,0,0
"666",666,"podnik",1,47,1,0
"667",667,"že",0.727272727272727,48,0,0
"668",668,"že",1,48,0,0
"669",669,"snowboardisty",1,48,0,0
"670",670,"by",0.6,48,0,0
"671",671,"<>",0.292134831460674,48,0,0
"672",672,"je",0.0714285714285714,48,0,0
"673",673,"a",0.0571428571428571,48,0,0
"674",674,"<>",0.0857142857142857,48,0,0
"675",675,"tom",0.904761904761905,48,1,1
"676",676,"nebo",1,49,1,1
"677",677,"polohu",1,50,1,1
"678",678,"<>",0.159420289855072,51,0,0
"679",679,"o",1,51,0,0
"680",680,"věcí",1,51,0,0
"681",681,"že",0.909090909090909,51,0,0
"682",682,"<>",0.333333333333333,51,0,0
"683",683,"a",0.134831460674157,51,0,0
"684",684,"<>",0.202247191011236,51,0,0
"685",685,"<>",0.236842105263158,51,0,0
"686",686,"podnik",1,51,1,1
"687",687,"jako",0.384615384615385,52,0,0
"688",688,"a",0.588235294117647,52,0,0
"689",689,"že",0.384615384615385,52,0,0
"690",690,"s",0.727272727272727,52,0,0
"691",691,"ti",0.625,52,0,0
"692",692,"ráda",1,52,1,1
"693",693,"se.najez",0.909090909090909,53,1,1
"694",694,"sem",1,54,1,1
"695",695,"spam",0.941176470588235,55,1,1
"696",696,"<>",0.268292682926829,56,0,0
"697",697,"<>",0.27906976744186,56,0,0
"698",698,"že",0.875,56,0,0
"699",699,"to",0.642857142857143,56,0,0
"700",700,"líbí",0.888888888888889,56,0,0
"701",701,"<>",0.470588235294118,56,0,0
"702",702,"to",0.888888888888889,56,0,0
"703",703,"obcí",1,56,0,0
"704",704,"dobrý",0.041025641025641,56,0,0
"705",705,"<>",0.102564102564103,56,0,0
"706",706,"mi",0.172413793103448,56,0,0
"707",707,"je",0.354838709677419,56,0,0
"708",708,"být",0.6,56,0,0
"709",709,"že",0.7,56,0,0
"710",710,"<>",0.0875,56,0,0
"711",711,"rozhodla",0.0596026490066225,56,0,0
"712",712,"rozhodl",0.0529801324503311,56,0,0
"713",713,"<>",0.0860927152317881,56,0,0
"714",714,"že",0.909090909090909,56,0,0
"715",715,"to",0.181818181818182,56,0,0
"716",716,"se",0.346153846153846,56,0,0
"717",717,"že",0.5,56,0,0
"718",718,"že",1,56,0,0
"719",719,"<>",0.11864406779661,56,0,0
"720",720,"to",0.8,56,0,0
"721",721,"<>",0.256410256410256,56,0,0
"722",722,"to",0.19047619047619,56,0,0
"723",723,"případě",0.529411764705882,56,0,0
"724",724,"<>",0.266666666666667,56,0,0
"725",725,"jsem",0.224137931034483,56,0,0
"726",726,"a",0.0825688073394495,56,0,0
"727",727,"<>",0.473684210526316,56,0,0
"728",728,"to",0.228571428571429,56,0,0
"729",729,"<>",0.333333333333333,56,0,0
"730",730,"další",0.10989010989011,56,0,0
"731",731,"<>",0.163265306122449,56,0,0
"732",732,"<>",0.229166666666667,56,0,0
"733",733,"a",0.0816326530612245,56,0,0
"734",734,"<>",0.163265306122449,56,0,0
"735",735,"na",0.411111111111111,56,0,0
"736",736,"až",0.188888888888889,56,0,0
"737",737,"to",0.289473684210526,56,0,0
"738",738,"dočkat",0.952380952380952,56,0,0
"739",739,"tady",0.083969465648855,56,0,0
"740",740,"<>",0.0610687022900763,56,0,0
"741",741,"bylo",0.8,56,0,0
"742",742,"toho",0.727272727272727,56,0,0
"743",743,"nebaví",0.307692307692308,56,0,0
"744",744,"frky",0.9375,56,2,2
"745",745,"to",0.571428571428571,58,0,0
"746",746,"se",0.141025641025641,58,0,0
"747",747,"<>",0.195652173913043,58,0,0
"748",748,"<>",0.240740740740741,58,0,0
"749",749,"a",0.0774647887323944,58,0,0
"750",750,"<>",0.133802816901408,58,0,0
"751",751,"z",0.615384615384615,58,0,0
"752",752,"se",0.141509433962264,58,0,0
"753",753,"že",0.853846153846154,58,2,2
"754",754,"<>",0.214285714285714,60,0,0
"755",755,"na",0.666666666666667,60,0,0
"756",756,"to",0.451612903225806,60,0,0
"757",757,"že",0.611111111111111,60,0,0
"758",758,"přidal",0.533333333333333,60,1,1
"759",759,"změnil",0.466666666666667,61,1,1
"760",760,"jsem",0.290322580645161,62,0,0
"761",761,"že",0.391304347826087,62,0,0
"762",762,"<>",0.112,62,0,0
"763",763,"<>",0.234042553191489,62,0,0
"764",764,"má",1,62,0,0
"765",765,"<>",0.252032520325203,62,0,0
"766",766,"<>",0.313725490196078,62,0,0
"767",767,"<>",0.51219512195122,62,0,0
"768",768,"a",0.0453257790368272,62,0,0
"769",769,"se",0.0311614730878187,62,0,0
"770",770,"na",0.0311614730878187,62,0,0
"771",771,"v",0.0226628895184136,62,0,0
"772",772,"<>",0.164305949008499,62,1,0
"773",773,"se",0.0806451612903226,63,0,0
"774",774,"války",1,63,0,0
"775",775,"<>",0.25609756097561,63,0,0
"776",776,"a",0.0763888888888889,63,0,0
"777",777,"<>",0.159722222222222,63,0,0
"778",778,"jak",0.166666666666667,63,0,0
"779",779,"jestli",0.166666666666667,63,0,0
"780",780,"to",0.433333333333333,63,1,1
"781",781,"že",0.333333333333333,64,0,0
"782",782,"že",0.45,64,0,0
"783",783,"den",1,64,0,0
"784",784,"<>",0.171875,64,0,0
"785",785,"podnik",1,64,1,0
"786",786,"www.lomp.cz",1,65,1,1
"787",787,"o",0.608695652173913,66,0,0
"788",788,"út",0.888888888888889,66,0,0
"789",789,"<>",0.454545454545455,66,0,0
"790",790,"víc",0.4,66,0,0
"791",791,"dálnic",1,66,0,0
"792",792,"že",0.818181818181818,66,0,0
"793",793,"to",0.555555555555556,66,0,0
"794",794,"že",0.647058823529412,66,0,0
"795",795,"že",0.789473684210526,66,0,0
"796",796,"je",0.116666666666667,66,0,0
"797",797,"jsem",0.0666666666666667,66,0,0
"798",798,"se",0.05,66,0,0
"799",799,"se",0.11353711790393,66,0,0
"800",800,"už",0.0524017467248908,66,0,0
"801",801,"jsem",0.0436681222707424,66,0,0
"802",802,"to",0.0349344978165939,66,0,0
"803",803,"<>",0.074235807860262,66,0,0
"804",804,"jsem",0.104761904761905,66,0,0
"805",805,"se",0.0714285714285714,66,0,0
"806",806,"jsme",0.0476190476190476,66,0,0
"807",807,"je",0.0380952380952381,66,0,0
"808",808,"si",0.0380952380952381,66,0,0
"809",809,"<>",0.0380952380952381,66,0,0
"810",810,"<>",0.139784946236559,66,0,0
"811",811,"<>",0.14375,66,0,0
"812",812,"to",0.331168831168831,66,0,0
"813",813,"mi",0.0649350649350649,66,0,0
"814",814,"<>",0.0714285714285714,66,0,0
"815",815,"se",0.143835616438356,66,0,0
"816",816,"jsem",0.089041095890411,66,0,0
"817",817,"si",0.0616438356164384,66,0,0
"818",818,"<>",0.350515463917526,66,1,0
"819",819,"<>",0.277777777777778,67,0,0
"820",820,"se",0.111111111111111,67,0,0
"821",821,"to",0.25,67,0,0
"822",822,"to",0.3,67,0,0
"823",823,"<>",0.130434782608696,67,0,0
"824",824,"<>",0.243243243243243,67,0,0
"825",825,"<>",0.266666666666667,67,0,0
"826",826,"i",0.333333333333333,67,0,0
"827",827,"že",1,67,0,0
"828",828,"když",0.294117647058824,67,0,0
"829",829,"se",0.177777777777778,67,0,0
"830",830,"<>",0.269230769230769,67,0,0
"831",831,"tomu",0.465116279069767,67,0,0
"832",832,"už",0.145161290322581,67,0,0
"833",833,"se",0.129032258064516,67,0,0
"834",834,"i",0.416666666666667,67,0,0
"835",835,"<>",0.142857142857143,67,0,0
"836",836,"<>",0.428571428571429,67,0,0
"837",837,"se",1,67,0,0
"838",838,"se",1,67,0,0
"839",839,"<>",0.204081632653061,67,0,0
"840",840,"se",1,67,0,0
"841",841,"to",0.75,67,0,0
"842",842,"se",0.117647058823529,67,0,0
"843",843,"se",0.0376151484135107,67,2,1
"844",844,"a",0.0350562947799386,69,1,0
"845",845,"na",0.0212384851586489,70,1,0
"846",846,"v",0.0174002047082907,71,1,0
"847",847,"je",0.0161207778915046,72,0,0
"848",848,"si",0.0143295803480041,72,0,0
"849",849,"to",0.0107471852610031,72,0,0
"850",850,"ale",0.00921187308085977,72,0,0
"851",851,"do",0.00895598771750256,72,0,0
"852",852,"jsou",0.00870010235414534,72,0,0
"853",853,"aby",0.00230296827021494,72,0,0
"854",854,"by",0.00281473899692938,72,0,0
"855",855,"co",0.00255885363357216,72,0,0
"856",856,"d",0.00358239508700102,72,0,0
"857",857,"další",0.00204708290685773,72,0,0
"858",858,"ho",0.00307062436028659,72,0,0
"859",859,"i",0.00383828045035824,72,0,0
"860",860,"jak",0.00281473899692938,72,0,0
"861",861,"jako",0.00435005117707267,72,0,0
"862",862,"ji",0.00230296827021494,72,0,0
"863",863,"jsem",0.0063971340839304,72,0,0
"864",864,"jsme",0.00230296827021494,72,0,0
"865",865,"k",0.00230296827021494,72,0,0
"866",866,"když",0.00281473899692938,72,0,0
"867",867,"které",0.00358239508700102,72,0,0
"868",868,"který",0.00230296827021494,72,0,0
"869",869,"kteří",0.00307062436028659,72,0,0
"870",870,"mi",0.00383828045035824,72,0,0
"871",871,"mu",0.00204708290685773,72,0,0
"872",872,"o",0.00409416581371546,72,0,0
"873",873,"od",0.00332650972364381,72,0,0
"874",874,"po",0.00307062436028659,72,0,0
"875",875,"podle",0.00255885363357216,72,0,0
"876",876,"pro",0.00383828045035824,72,0,0
"877",877,"s",0.00844421699078813,72,1,0
"878",878,"tak",0.00511770726714432,73,0,0
"879",879,"tam",0.00255885363357216,73,0,0
"880",880,"u",0.00332650972364381,73,0,0
"881",881,"už",0.00332650972364381,73,0,0
"882",882,"ve",0.00409416581371546,73,0,0
"883",883,"z",0.00614124872057318,73,0,0
"884",884,"za",0.00435005117707267,73,0,0
"885",885,"způsobem",0.00230296827021494,73,0,0
"886",886,"že",0.00460593654042989,73,0,0
"887",887,"<>",0.148669396110542,73,7,6
"888",888,"že",0.238938053097345,80,0,0
"889",889,"aby",0.0707964601769911,80,0,0
"890",890,"že",0.176470588235294,80,0,0
"891",891,"stranu",0.8,80,0,0
"892",892,"od",0.80952380952381,80,0,0
"893",893,"straně",0.833333333333333,80,0,0
"894",894,"straně",0.529411764705882,80,0,0
"895",895,"pohled",0.5,80,0,0
"896",896,"a",0.0833333333333333,80,1,0
"897",897,"v",0.0157894736842105,81,0,0
"898",898,"na",0.0157894736842105,81,0,0
"899",899,"je",0.0131578947368421,81,0,0
"900",900,"ale",0.012280701754386,81,0,0
"901",901,"jsem",0.0105263157894737,81,0,0
"902",902,"nebo",0.00964912280701754,81,0,0
"903",903,"za",0.0087719298245614,81,0,0
"904",904,"s",0.00789473684210526,81,0,0
"905",905,"se",0.00789473684210526,81,0,0
"906",906,"d",0.00701754385964912,81,0,0
"907",907,"tak",0.00701754385964912,81,0,0
"908",908,"to",0.00701754385964912,81,0,0
"909",909,"<>",0.156140350877193,81,2,1
"910",910,"mě",0.0536585365853659,83,0,0
"911",911,"to",0.0536585365853659,83,0,0
"912",912,"<>",0.136585365853659,83,0,0
"913",913,"líbí",0.0731707317073171,83,0,0
"914",914,"<>",0.0670731707317073,83,0,0
"915",915,"<>",0.177777777777778,83,0,0
"916",916,"<>",0.261363636363636,83,0,0
"917",917,"tím",0.1375,83,0,0
"918",918,"<>",0.225,83,0,0
"919",919,"<>",0.215189873417722,83,0,0
"920",920,"<>",0.206896551724138,83,0,0
"921",921,"to",0.145454545454545,83,0,0
"922",922,"<>",0.214285714285714,83,0,0
"923",923,"<>",0.411764705882353,83,0,0
"924",924,"a",0.0814558058925477,83,1,0
"925",925,"na",0.0381282495667244,84,0,0
"926",926,"v",0.0294627383015598,84,0,0
"927",927,"se",0.0225303292894281,84,0,0
"928",928,"do",0.0207972270363951,84,0,0
"929",929,"že",0.0138648180242634,84,0,0
"930",930,"<>",0.1421143847487,84,2,1
"931",931,"<>",0.09,86,0,0
"932",932,"a",0.130434782608696,86,0,0
"933",933,"že",0.172413793103448,86,0,0
"934",934,"že",0.28125,86,0,0
"935",935,"<>",0.611111111111111,86,0,0
"936",936,"době",0.733333333333333,86,0,0
"937",937,"s",0.6,86,0,0
"938",938,"republice",0.571428571428571,86,0,0
"939",939,"a",0.0522727272727273,86,1,0
"940",940,"na",0.0204545454545455,87,0,0
"941",941,"ale",0.0193181818181818,87,0,0
"942",942,"v",0.0170454545454545,87,0,0
"943",943,"je",0.0170454545454545,87,0,0
"944",944,"se",0.0136363636363636,87,0,0
"945",945,"to",0.00909090909090909,87,0,0
"946",946,"<>",0.139772727272727,87,3,2
"947",947,"že",0.021680216802168,90,0,0
"948",948,"pro",0.021680216802168,90,0,0
"949",949,"<>",0.111111111111111,90,0,0
"950",950,"<>",0.149425287356322,90,0,0
"951",951,"že",0.888888888888889,90,0,0
"952",952,"a",0.0697674418604651,90,0,0
"953",953,"na",0.0377906976744186,90,0,0
"954",954,"z",0.0232558139534884,90,0,0
"955",955,"<>",0.15406976744186,90,1,0
"956",956,"tak",0.162162162162162,91,0,0
"957",957,"<>",0.18018018018018,91,0,0
"958",958,"je",0.132530120481928,91,0,0
"959",959,"to",0.413793103448276,91,0,0
"960",960,"že",0.888888888888889,91,0,0
"961",961,"<>",0.380952380952381,91,0,0
"962",962,"se",0.0972972972972973,91,0,0
"963",963,"to",0.0648648648648649,91,0,0
"964",964,"<>",0.0972972972972973,91,0,0
"965",965,"doby",0.421052631578947,91,0,0
"966",966,"a",0.0767676767676768,91,1,0
"967",967,"na",0.0222222222222222,92,0,0
"968",968,"to",0.0181818181818182,92,0,0
"969",969,"v",0.0161616161616162,92,0,0
"970",970,"<>",0.129292929292929,92,2,1
"971",971,"že",0.27536231884058,94,0,0
"972",972,"a",0.0591836734693878,94,0,0
"973",973,"na",0.0204081632653061,94,0,0
"974",974,"do",0.0163265306122449,94,0,0
"975",975,"<>",0.13469387755102,94,1,0
"976",976,"že",0.594339622641509,95,0,0
"977",977,"<>",0.0849056603773585,95,0,0
"978",978,"na",1,95,0,0
"979",979,"a",0.0782918149466192,95,1,0
"980",980,"na",0.033214709371293,96,0,0
"981",981,"v",0.0237247924080664,96,0,0
"982",982,"se",0.0166073546856465,96,0,0
"983",983,"nebo",0.0118623962040332,96,0,0
"984",984,"<>",0.236061684460261,96,2,1
"985",985,"<>",0.0776699029126214,98,0,0
"986",986,"<>",0.163265306122449,98,0,0
"987",987,"že",0.75,98,0,0
"988",988,"<>",0.11340206185567,98,0,0
"989",989,"<>",0.25,98,0,0
"990",990,"a",0.0909090909090909,98,0,0
"991",991,"<>",0.0909090909090909,98,0,0
"992",992,"konce",0.138461538461538,98,0,0
"993",993,"<>",0.18,98,0,0
"994",994,"<>",0.266666666666667,98,0,0
"995",995,"<>",0.6,98,0,0
"996",996,"na",0.923076923076923,98,0,0
"997",997,"<>",0.183333333333333,98,0,0
"998",998,"být",0.307692307692308,98,0,0
"999",999,"<>",0.229508196721311,98,0,0
"1000",1000,"to",0.571428571428571,98,0,0
"1001",1001,"to",0.9,98,0,0
"1002",1002,"to",0.176470588235294,98,0,0
"1003",1003,"je",0.394736842105263,98,0,0
"1004",1004,"<>",0.225,98,0,0
"1005",1005,"to",0.0694444444444444,98,0,0
"1006",1006,"je",0.0694444444444444,98,0,0
"1007",1007,"se",0.0625,98,0,0
"1008",1008,"<>",0.384615384615385,98,0,0
"1009",1009,"<>",0.26530612244898,98,0,0
"1010",1010,"a",0.05859375,98,0,0
"1011",1011,"<>",0.19140625,98,1,0
"1012",1012,"<>",0.0888888888888889,99,0,0
"1013",1013,"to",0.297297297297297,99,0,0
"1014",1014,"se",0.5,99,0,0
"1015",1015,"<>",0.126582278481013,99,0,0
"1016",1016,"a",0.0546448087431694,99,0,0
"1017",1017,"<>",0.185792349726776,99,0,0
"1018",1018,"<>",0.294117647058824,99,0,0
"1019",1019,"o",0.944444444444444,99,0,0
"1020",1020,"<>",0.296296296296296,99,0,0
"1021",1021,"<>",0.232558139534884,99,0,0
"1022",1022,"na",0.0511363636363636,99,0,0
"1023",1023,"a",0.0454545454545455,99,0,0
"1024",1024,"<>",0.0681818181818182,99,0,0
"1025",1025,"na",0.0595238095238095,99,0,0
"1026",1026,"<>",0.0595238095238095,99,0,0
"1027",1027,"a",0.0840336134453782,99,0,0
"1028",1028,"<>",0.0756302521008403,99,0,0
"1029",1029,"a",0.0776699029126214,99,0,0
"1030",1030,"<>",0.184466019417476,99,0,0
"1031",1031,"že",0.818181818181818,99,0,0
"1032",1032,"že",0.134328358208955,99,0,0
"1033",1033,"aby",0.119402985074627,99,0,0
"1034",1034,"a",0.060377358490566,99,0,0
"1035",1035,"na",0.0339622641509434,99,0,0
"1036",1036,"<>",0.181132075471698,99,0,0
"1037",1037,"<>",0.158730158730159,99,0,0
"1038",1038,"<>",0.2,99,0,0
"1039",1039,"<>",0.131147540983607,99,0,0
"1040",1040,"<>",0.088,99,0,0
"1041",1041,"<>",0.144444444444444,99,0,0
"1042",1042,"<>",0.2,99,0,0
"1043",1043,"<>",0.244444444444444,99,0,0
"1044",1044,"a",0.282051282051282,99,1,0
"1045",1045,"<>",0.192307692307692,100,0,0
"1046",1046,"mi",1,100,0,0
"1047",1047,"že",0.346153846153846,100,0,0
"1048",1048,"<>",0.223684210526316,100,0,0
"1049",1049,"se",0.590909090909091,100,1,1
"1050",1050,"a",0.038961038961039,101,0,0
"1051",1051,"na",0.0285714285714286,101,0,0
"1052",1052,"<>",0.179220779220779,101,0,0
"1053",1053,"že",0.256410256410256,101,0,0
"1054",1054,"co",0.179487179487179,101,0,0
"1055",1055,"jak",0.166666666666667,101,0,0
"1056",1056,"a",0.0545454545454545,101,0,0
"1057",1057,"<>",0.218181818181818,101,0,0
"1058",1058,"doby",0.882352941176471,101,0,0
"1059",1059,"a",0.100591715976331,101,0,0
"1060",1060,"<>",0.171597633136095,101,0,0
"1061",1061,"a",0.0769230769230769,101,0,0
"1062",1062,"<>",0.14792899408284,101,0,0
"1063",1063,"<>",0.321428571428571,101,0,0
"1064",1064,"a",0.0880503144654088,101,0,0
"1065",1065,"<>",0.150943396226415,101,0,0
"1066",1066,"<>",0.180555555555556,101,0,0
"1067",1067,"<>",0.234375,101,0,0
"1068",1068,"a",0.0719424460431655,101,0,0
"1069",1069,"<>",0.136690647482014,101,0,0
"1070",1070,"<>",0.380952380952381,101,0,0
"1071",1071,"<>",0.183673469387755,101,0,0
"1072",1072,"je",0.0708661417322835,101,0,0
"1073",1073,"<>",0.123595505617978,101,0,0
"1074",1074,"si",0.146341463414634,101,0,0
"1075",1075,"se",0.109756097560976,101,0,0
"1076",1076,"se",0.121212121212121,101,0,0
"1077",1077,"to",0.371428571428571,101,0,0
"1078",1078,"se",0.290322580645161,101,0,0
"1079",1079,"že",1,101,0,0
"1080",1080,"<>",0.228571428571429,101,0,0
"1081",1081,"<>",0.228571428571429,101,0,0
"1082",1082,"na",0.526315789473684,101,0,0
"1083",1083,"a",0.102941176470588,101,0,0
"1084",1084,"<>",0.0955882352941176,101,0,0
"1085",1085,"těším",0.25,101,0,0
"1086",1086,"a",0.0925925925925926,101,0,0
"1087",1087,"<>",0.203703703703704,101,0,0
"1088",1088,"tomu",0.576923076923077,101,1,1
"1089",1089,"že",0.285714285714286,102,0,0
"1090",1090,"a",0.0736196319018405,102,0,0
"1091",1091,"<>",0.171779141104294,102,0,0
"1092",1092,"a",0.0476190476190476,102,0,0
"1093",1093,"<>",0.178571428571429,102,0,0
"1094",1094,"<>",0.113821138211382,102,0,0
"1095",1095,"se",0.194805194805195,102,0,0
"1096",1096,"to",0.253731343283582,102,0,0
"1097",1097,"je",0.0879120879120879,102,0,0
"1098",1098,"na",0.0107129663834503,102,0,0
"1099",1099,"v",0.0107129663834503,102,0,0
"1100",1100,"pak",0.0107129663834503,102,0,0
"1101",1101,"další",0.00960472848171407,102,0,0
"1102",1102,"to",0.00960472848171407,102,0,0
"1103",1103,"tak",0.00849649057997784,102,0,0
"1104",1104,"s",0.0073882526782416,102,1,0
"1105",1105,"je",0.00664942741041744,103,0,0
"1106",1106,"jeho",0.0055411895086812,103,0,0
"1107",1107,"dalších",0.00517177687476912,103,0,0
"1108",1108,"bylo",0.00332471370520872,103,0,0
"1109",1109,"co",0.00332471370520872,103,0,0
"1110",1110,"do",0.00295530107129664,103,0,0
"1111",1111,"dokonce",0.00406353897303288,103,0,0
"1112",1112,"hlavně",0.00332471370520872,103,0,0
"1113",1113,"jak",0.00406353897303288,103,0,0
"1114",1114,"jako",0.00406353897303288,103,0,0
"1115",1115,"jejich",0.00406353897303288,103,0,0
"1116",1116,"já",0.00406353897303288,103,0,0
"1117",1117,"k",0.00332471370520872,103,0,0
"1118",1118,"on",0.00295530107129664,103,0,0
"1119",1119,"po",0.00406353897303288,103,0,0
"1120",1120,"taky",0.00332471370520872,103,0,0
"1121",1121,"také",0.00295530107129664,103,0,0
"1122",1122,"teď",0.00406353897303288,103,0,0
"1123",1123,"tím",0.0036941263391208,103,0,0
"1124",1124,"za",0.00332471370520872,103,0,0
"1125",1125,"<>",0.316586627262652,103,10,9
"1126",1126,"to",0.0138121546961326,113,0,0
"1127",1127,"konci",0.0110497237569061,113,0,0
"1128",1128,"<>",0.191988950276243,113,2,1
"1129",1129,"na",0.042995839112344,115,0,0
"1130",1130,"v",0.029126213592233,115,0,0
"1131",1131,"mi",0.0235783633841886,115,0,0
"1132",1132,"a",0.0221914008321775,115,0,0
"1133",1133,"o",0.0166435506241331,115,0,0
"1134",1134,"to",0.013869625520111,115,0,0
"1135",1135,"totiž",0.0124826629680999,115,0,0
"1136",1136,"z",0.0110957004160888,115,0,0
"1137",1137,"do",0.0110957004160888,115,0,0
"1138",1138,"<>",0.153952843273232,115,1,0
"1139",1139,"praze",0.0119047619047619,116,0,0
"1140",1140,"roce",0.0119047619047619,116,0,0
"1141",1141,"<>",0.206845238095238,116,1,0
"1142",1142,"to",0.101167315175097,117,0,0
"1143",1143,"v",0.0272373540856031,117,0,0
"1144",1144,"<>",0.11284046692607,117,1,0
"1145",1145,"toho",0.018957345971564,118,0,0
"1146",1146,"<>",0.251184834123223,118,1,0
"1147",1147,"tím",0.0342679127725857,119,0,0
"1148",1148,"<>",0.355140186915888,119,2,1
"1149",1149,"v",0.0344827586206897,121,0,0
"1150",1150,"to",0.0313479623824451,121,0,0
"1151",1151,"i",0.0250783699059561,121,0,0
"1152",1152,"<>",0.0940438871473354,121,0,0
"1153",1153,"<>",0.23841059602649,121,1,0
"1154",1154,"<>",0.32258064516129,122,1,0
"1155",1155,"se",0.15625,123,0,0
"1156",1156,"<>",0.125,123,0,0
"1157",1157,"<>",0.421052631578947,123,0,0
"1158",1158,"<>",0.175438596491228,123,0,0
"1159",1159,"do",0.206896551724138,123,0,0
"1160",1160,"se",0.152173913043478,123,0,0
"1161",1161,"to",0.0869565217391304,123,0,0
"1162",1162,"<>",0.155172413793103,123,0,0
"1163",1163,"se",0.0987654320987654,123,0,0
"1164",1164,"je",0.361111111111111,123,0,0
"1165",1165,"<>",0.6,123,0,0
"1166",1166,"když",0.0914285714285714,123,0,0
"1167",1167,"<>",0.245714285714286,123,0,0
"1168",1168,"se",0.125,123,0,0
"1169",1169,"<>",0.206349206349206,123,0,0
"1170",1170,"<>",0.222222222222222,123,0,0
"1171",1171,"se",0.132911392405063,123,0,0
"1172",1172,"si",0.113924050632911,123,0,0
"1173",1173,"to",0.0569620253164557,123,0,0
"1174",1174,"<>",0.069620253164557,123,0,0
"1175",1175,"se",0.2,123,0,0
"1176",1176,"<>",0.154639175257732,123,0,0
"1177",1177,"<>",0.298245614035088,123,1,0
"1178",1178,"se",0.145161290322581,124,0,0
"1179",1179,"<>",0.380952380952381,124,0,0
"1180",1180,"se",0.134920634920635,124,0,0
"1181",1181,"je",0.111111111111111,124,0,0
"1182",1182,"<>",0.0714285714285714,124,0,0
"1183",1183,"jsou",0.075,124,0,0
"1184",1184,"byly",0.0666666666666667,124,0,0
"1185",1185,"se",0.0666666666666667,124,0,0
"1186",1186,"<>",0.075,124,0,0
"1187",1187,"se",0.118143459915612,124,0,0
"1188",1188,"je",0.0759493670886076,124,0,0
"1189",1189,"byl",0.0548523206751055,124,0,0
"1190",1190,"v",0.0506329113924051,124,0,0
"1191",1191,"si",0.0337552742616034,124,0,0
"1192",1192,"se",0.222222222222222,124,0,0
"1193",1193,"<>",0.4,124,0,0
"1194",1194,"tom",0.0568181818181818,124,0,0
"1195",1195,"<>",0.176136363636364,124,0,0
"1196",1196,"<>",0.26530612244898,124,0,0
"1197",1197,"<>",0.190909090909091,124,0,0
"1198",1198,"<>",0.323529411764706,124,0,0
"1199",1199,"<>",0.21259842519685,124,0,0
"1200",1200,"<>",0.209302325581395,124,0,0
"1201",1201,"<>",0.160714285714286,124,0,0
"1202",1202,"to",0.050314465408805,124,0,0
"1203",1203,"<>",0.106918238993711,124,0,0
"1204",1204,"to",0.075,124,0,0
"1205",1205,"se",0.05625,124,0,0
"1206",1206,"že",0.05,124,0,0
"1207",1207,"<>",0.578947368421053,124,0,0
"1208",1208,"je",0.140495867768595,124,0,0
"1209",1209,"se",0.0371900826446281,124,0,0
"1210",1210,"by",0.0330578512396694,124,0,0
"1211",1211,"<>",0.0578512396694215,124,0,0
"1212",1212,"<>",0.283333333333333,124,0,0
"1213",1213,"<>",0.16,124,0,0
"1214",1214,"<>",0.0933333333333333,124,0,0
"1215",1215,"<>",0.157303370786517,124,0,0
"1216",1216,"<>",0.50561797752809,124,1,0
"1217",1217,"se",0.102941176470588,125,0,0
"1218",1218,"by",0.0735294117647059,125,0,0
"1219",1219,"<>",0.102941176470588,125,0,0
"1220",1220,"a",0.0970768675568387,125,3,2
"1221",1221,"na",0.0202093107181523,128,1,0
"1222",1222,"v",0.017502706604114,129,1,0
"1223",1223,"se",0.0167809455070372,130,1,0
"1224",1224,"je",0.0120894983760375,131,1,0
"1225",1225,"s",0.010826416456153,132,1,0
"1226",1226,"z",0.0106459761818838,133,1,0
"1227",1227,"nebo",0.00902201371346084,134,1,0
"1228",1228,"ale",0.00866113316492241,135,0,0
"1229",1229,"který",0.00703717069649946,135,0,0
"1230",1230,"aby",0.00270660411403825,135,0,0
"1231",1231,"and",0.00144352219415374,135,0,0
"1232",1232,"až",0.00162396246842295,135,0,0
"1233",1233,"by",0.00360880548538434,135,0,0
"1234",1234,"byl",0.00180440274269217,135,0,0
"1235",1235,"co",0.00198484301696139,135,0,0
"1236",1236,"d",0.0032479249368459,135,0,0
"1237",1237,"do",0.00685673042223024,135,1,0
"1238",1238,"ho",0.00162396246842295,136,0,0
"1239",1239,"i",0.00649584987369181,136,1,0
"1240",1240,"jak",0.00234572356549982,137,0,0
"1241",1241,"jako",0.00270660411403825,137,0,0
"1242",1242,"jen",0.00180440274269217,137,0,0
"1243",1243,"jenž",0.00162396246842295,137,0,0
"1244",1244,"jsem",0.0032479249368459,137,0,0
"1245",1245,"jsme",0.00252616383976904,137,0,0
"1246",1246,"jsou",0.00288704438830747,137,0,0
"1247",1247,"k",0.00342836521111512,137,1,0
"1248",1248,"kde",0.00144352219415374,138,0,0
"1249",1249,"když",0.00198484301696139,138,0,0
"1250",1250,"která",0.00433056658246121,138,0,0
"1251",1251,"které",0.00451100685673042,138,0,0
"1252",1252,"kteří",0.00180440274269217,138,0,0
"1253",1253,"mi",0.00180440274269217,138,0,0
"1254",1254,"má",0.00180440274269217,138,0,0
"1255",1255,"mě",0.00162396246842295,138,0,0
"1256",1256,"o",0.00451100685673042,138,0,0
"1257",1257,"od",0.00360880548538434,138,0,0
"1258",1258,"pak",0.00180440274269217,138,0,0
"1259",1259,"po",0.00180440274269217,138,0,0
"1260",1260,"pro",0.0021652832912306,138,0,0
"1261",1261,"při",0.00198484301696139,138,0,0
"1262",1262,"si",0.00433056658246121,138,0,0
"1263",1263,"tak",0.00378924575965355,138,0,0
"1264",1264,"to",0.00667629014796103,138,0,0
"1265",1265,"u",0.00198484301696139,138,0,0
"1266",1266,"už",0.00198484301696139,138,0,0
"1267",1267,"ve",0.00415012630819199,138,0,0
"1268",1268,"za",0.00288704438830747,138,0,0
"1269",1269,"ze",0.00288704438830747,138,0,0
"1270",1270,"či",0.00469144713099964,138,1,0
"1271",1271,"že",0.00378924575965355,139,0,0
"1272",1272,"<>",0.208588957055215,139,12,11
